Paper NFT,nft,0x04edc606b0d60e843528422619c6d939be8a2fcf
VeKings,nft,0x148442103eeadfaf8cffd593db80dcdeadda71c9
VeGhosts,nft,0x588f2b0d4cbea48deb34c3d401cb995046edda81
Honorary VeKings,nft,0x997c61cd02b5f2c8826ebcaf26080c650cabdda2
Veysarum,nft,0x9992501f1ef16d4b900e9d316cf468959b8f9bcd
VeKongs,nft,0x9932690b32c4c0cd4d86a53eca948d33b1556ae7
Galaxy Portraits,nft,0xc35d04f8783f85ede2f329eed3c1e8b036223a06
Vumanoids,nft,0x46db08ca72b205a8f9e746a9e33a30d2f379216b
Undead VeKings,nft,0x8b55d319b6cae4b9fd0b4517f29cf4a100818e38
Sacrificed VeKings,nft,0x8b55d319b6cae4b9fd0b4517f29cf4a100818e38
Mad Ⓥ-Apes,nft,0xffcc1c4492c3b49825712e9a8909e4fcebfe6c02
Mad Ⓥ-Apes Fusion,nft,0xb12d1d640f56173ef3a47e5e1a1fde96ba96ce14
universe,nft,0x60deca6baceb6258c8d718f9987acb17176f7f24
AstroVETs,nft,0x436f0a9b45e85eb2f749aa67d3393c649ef4dff2
VeSkullz,nft,0x01c10830feef88258e7a1ca998009ac19f7f087e
Warbands,nft,0x6aa982158617d53c37f65d43eb9a156449adfff3
VeNerds,nft,0x14c7d5357da8a8ed7a3983bc5ffd249fee63192d
VeNerds Airdrops,nft,0x5452c80cdfd31e175f62f6197e65adaf73ec84df
New Pigs Order,nft,0x88d7e38af5bdb6e65a045c79c9ce70ed06e6569b
veLoot,nft,0x1f173256c08e557d0791bc6ef2ac1b1099f57ed5
Victs,nft,0xc2de1fbb24d918a68923cfb24cc541aea7a49450
VeGnomes,nft,0x15e2f18feade6ccb990956050bf0c2990445cace
uniⓋerse Expanse,nft,0x207577649f08c87de98e9981712fc9aece07df79
Guardians,nft,0x0403745444204d1a0218cecbfe70b2ea42d654a6
VeNature,nft,0xbcfc59dcc2a0977ac1e9b465566ad071e5ec06aa
Metaversials,nft,0x313d1fff2664a2df5a12e99c8c57e50efa715d73
VeRocket,nft,0x6354b35c510cae41cd45b568087bf767756b3589
VeeParrots,nft,0x4e4faebf70e7c01bcd39adbfaa247f081819919a
Frost Giant VeKings,nft,0x3427e769ae440ae8e18b77f49cc2d6a39e57f047
VFoxes,nft,0x78d4ba28c151501fa3f68927ea96304cab89b6f0
Guardians Leaders,nft,0xd393c0dcccae49248862b462404b63a8546a888a
Ukraine,nft,0x850a2457975fd411f03a513c6f94cd7d378e7ec1
Metaversials Alteregos,nft,0xfd5e344798ceb51afd910fafae9768e4d093a725
Doppelganger,nft,0x2571978545672fe7e4cced7409bdd0a57bc3c3d2
Forest Nation - Keepers,nft,0x4e9eb6f6e04464eee33ae04bf430e20529482e60
Phantom VeGhosts,nft,0x875d36b9760ffe7ce366d3ff700c1ad98bdee990
Battle Mage V,nft,0x0c447c4311afecf8c14108fa962442444a8d3b06
ForestNation - Guardians,nft,0x1d971ac972f671c19d1be00e4fbf3118d3861851
Kickback Koalas,nft,0x3759080b28604fd2851c215da71539bd8d5242ef
VFox - ORIGINS,nft,0x3fdf191152684b417f4a55264158c2eab97a81b3
Shredderz Boardz,nft,0xf647e7b4fe7e0dc7ceddd038c6c004cc53163ca9
VVarriors,nft,0x499be5332bfba0761650ae55b8d9c8443458f219
Elixir,nft,0x862b1cb1c75ca2e2529110a9d43564bd5cd83828
MinoMob,nft,0xf4d82631be350c37d92ee816c2bd4d5adf9e6493
VVAR DOGS,nft,0xb757fc0906f08714315d2abd4b4f077521a21e34
Stardust Spectres,nft,0xa19e999fce74ec6e9d8ce1380b4692e63e6c7cb1
Universal Inventory,nft,0xbcbf39013da096c97f0dc913f7ac1cdc42b9a721
Smuzzies,nft,0x319f08fD7c97fe0010B1f6171Debc8DcE3738A0e
Baby Yeet Crusaders X,nft,0x13ca388cca5e2d3c040f9d7befbc3bd20b51ae5f
Stardust Spectres Access Cards,nft,0x0ce0c940d11FBdD73561901DbCDeF84e73A511b9
Ukiyoe Yokai Masks,nft,0xc17d84d2d19b45653abefed0b9678fcdbfc1b0b0
